<?xml version="1.0" encoding="UTF-8" standalone="yes"?>
<addon id="repository.pluto" name="[COLORskyblue]Pluto Repository[/COLOR]" version="1.0" provider-name="Pluto">
	<extension point="xbmc.addon.repository" name="pluto">
		<dir>
			<info compressed="false">http://bossbuilds.club/plutorepo/addons.xml</info>
			<checksum>http://bossbuilds.club/plutorepo/addons.xml.md5</checksum>
			<datadir zip="true">http://bossbuilds.club/plutorepo/</datadir>
		</dir>
	</extension>
	<extension point="xbmc.addon.metadata">
		<summary lang="en"></summary>
		<description lang="en">The Official Repo for the Pluto addon</description>
		<genre>usa</genre>
	</extension>
</addon>