<?xml version="1.0" encoding="UTF-8" standalone="yes"?>
<addon id="plugin.video.curt" name="Kodi Curt's Addon" version="1.0.2" provider-name="Curt">
  <requires>
    <import addon="xbmc.python" version="2.1.0"/>
    <import addon="script.module.simplejson" version="3.3.0"/>
    <import addon="script.module.urlresolver"  version="2.1.2"/>
    <import addon="script.module.liveresolver" version="0.1.24"/>
    <import addon="script.common.plugin.cache" version="2.5.2"/>
	<import addon="script.module.beautifulsoup" version="3.2.1"/>
	<import addon="script.module.livestreamer" optional="true"/>
    <import addon="script.module.pyamf" optional="true"/>
    <import addon="script.module.beautifulsoup4" />
    <import addon="script.module.requests" />
    <import addon="script.module.httplib2" />
	<import addon="script.module.metahandler" version="2.5.1"/>
    <import addon="plugin.video.youtube" optional="true" />
  </requires>
  <extension point="xbmc.python.pluginsource" library="default.py">
        <provides>video</provides>
  </extension>
  <extension point="xbmc.addon.metadata">
    <summary lang="en"></summary>
	<description>This is a Unofficial Plugin, Use it at your OWN Risk 
	            				 
    </description>
    <disclaimer>The Author Of This Addon Does Not Have Any Affiliation To Kodi.tv or The XBMC Foundation</disclaimer>
    <platform>all</platform>
  </extension>
</addon>
